fecha;gopph_TOTAL;gopph_Logroño y Alrededores ;gopph_plaza_Resto municipios;gopph_finde_TOTAL;gopph_Logroño y Alrededores _finde ;gopph_Resto municipios_finde;goppa_TOTAL;goppa_Logroño y Alrededores ;goppa_Resto municipios;goppa_finde_TOTAL;goppa_Logroño y Alrededores _finde ;goppa_Resto municipios_finde;gopptr_TOTAL;gopptr_Logroño y Alrededores ;gopptr_Resto municipios;gopptr_finde_TOTAL;gopptr_Logroño y Alrededores _finde ;gopptr_Resto municipios_finde;goppc_TOTAL;goppc_Logroño y Alrededores ;goppc_plaza_Resto municipios;goppc_finde_TOTAL;goppc_Logroño y Alrededores _finde ;goppc_Resto municipios_finde; pernoc_Hoteles_total ; pernoc_Campings_total ; perc_Apartamentos_turisticos_total ; pernoc_Alojamientos_de_turismo_rura_total ; pernoc_Albergues_total ; pernoc_Hoteles_residentes ; pernoc_Campings_residentes ; pernoc_Apartamentos turisticos_residentes ; pernoc_Alojamientos_de_turismo_rural_residentes ; pernoc_Albergues_residentes ; pernoc_Hoteles_extranjeros ; pernoc_Campings_extranjeros ; pernoc_Apartamentos_turisticos_extranjeros ; pernoc_Alojamientos_de_turismo_rural_extranjeros ; pernoc_Albergues_extranjeros 
1/9/24;50,54;68;49,3;58,39;76,34;54,01;16,52;9,35;18,88;35,77;20,83;40,74;21,61;6,79;23,04;42,66;18,45;45,05;62,17;34,21;71,94;63,45;13,53;52,74; 105.767,00 ; 25.280,00 ; 11.551,00 ; 6.722,00 ; 7.151,00 ; 69.205,00 ; 19.210,00 ; 8.648,00 ; 5.001,00 ; 2.079,00 ; 36.562,00 ; 6.071,00 ; 2.903,00 ; 1.721,00 ; 5.072,00 
1/8/24;57,7;75,44;53,05;63,68;80,2;50,03;56,2;17,43;67,54;63,21;16,69;76,62;40,98;19,92;43,39;42,35;22,54;44,6;71,93;75,71;70,63;69,52;21,36;52,62; 121.383,00 ; 99.816,00 ; 40.650,00 ; 14.373,00 ; 7.822,00 ; 100.040,00 ; 92.732,00 ; 32.428,00 ; 11.630,00 ; 4.566,00 ; 21.343,00 ; 7.084,00 ; 8.222,00 ; 2.743,00 ; 3.256,00 
1/7/24;43,78;61,94;40,12;55,13;66,88;44,76;32,35;18,63;36,67;50,62;26,03;58,1;19,09;12,53;19,77;33,31;26,4;34,05;67,3;66,03;67,76;70,48;24,9;50,78; 95.843,00 ; 84.906,00 ; 23.264,00 ; 6.579,00 ; 10.091,00 ; 72.164,00 ; 79.575,00 ; 19.476,00 ; 4.693,00 ; 7.092,00 ; 23.678,00 ; 5.331,00 ; 3.788,00 ; 1.886,00 ; 2.999,00 
1/6/24;44,91;60,39;42,75;57,26;74,66;55,09;18,86;7,54;22,37;36,93;12,41;44,2;17,31;14,77;17,59;35,02;42,08;34,37;61,09;62,5;60,62;61,99;14,01;50,91; 93.939,00 ; 31.692,00 ; 12.161,00 ; 5.770,00 ; 5.869,00 ; 68.505,00 ; 24.344,00 ; 10.025,00 ; 4.072,00 ; 3.049,00 ; 25.434,00 ; 7.348,00 ; 2.136,00 ; 1.698,00 ; 2.819,00 
1/5/24;50,44;58,83;48,32;56,4;70,73;46,33;14,91;12,87;15,81;31,67;19,43;35,61;19,29;12,58;19,99;41,39;36,41;41,99;58,37;60,21;57,75;59,35;22,48;41,58; 100.784,00 ; 20.887,00 ; 10.000,00 ; 6.840,00 ; 9.380,00 ; 67.843,00 ; 14.502,00 ; 8.226,00 ; 4.549,00 ; 3.576,00 ; 32.941,00 ; 6.385,00 ; 1.774,00 ; 2.290,00 ; 5.804,00 
1/4/24;42,42;54,32;40,48;54,68;72,17;50,41;12;9,93;12,9;24,36;11,99;28,25;15,09;7,56;15,88;33,15;28,35;33,71;56,09;29,16;65,56;57,55;13,39;46,97; 88.668,00 ; 19.795,00 ; 8.097,00 ; 5.368,00 ; 3.155,00 ; 64.263,00 ; 12.573,00 ; 7.091,00 ; 4.196,00 ; 1.539,00 ; 24.405,00 ; 7.222,00 ; 1.007,00 ; 1.171,00 ; 1.616,00 
1/3/24;37,71;55,07;33,26;49,34;61,38;38,83;16,64;10,36;18,74;30,63;25,99;32,92;18,98;11,74;19,71;40,06;24,27;41,63;59,08;62,29;57,87;63,92;20,71;45,87; 80.439,00 ; 27.722,00 ; 11.188,00 ; 6.561,00 ; 3.384,00 ; 69.201,00 ; 24.747,00 ; 10.325,00 ; 5.616,00 ; 3.162,00 ; 11.238,00 ; 2.975,00 ; 864,00 ; 945,00 ; 222,00 
1/2/24;32,22;43,67;28,92;44,55;64,19;36,99;10,49;11,46;10,99;18,99;18,33;20,4;9,02;1,95;9,73;23,83;7,08;25,51;54,14;47,08;56,43;54,56;13,23;43,13; 57.160,00 ; 4.051,00 ; 5.432,00 ; 2.497,00 ; 1.663,00 ; 50.040,00 ; 3.125,00 ; 4.667,00 ; 2.038,00 ; 1.556,00 ; 7.120,00 ; 926,00 ; 764,00 ; 459,00 ; 107,00 
1/1/24;24,44;35,78;15,75;30,84;51,25;12,35;7,48;7,52;7,83;13,7;10,38;15;5,54;5,83;5,52;15,12;22,58;14,28;58,99;74,78;55,38;57,27;13,77;45,11; 43.248,00 ;; 4.251,00 ; 1.543,00 ; 1.750,00 ; 37.334,00 ;; 3.369,00 ; 1.475,00 ; 1.697,00 ; 5.914,00 ;; 882,00 ; 68,00 ; 53,00 
1/12/23;33,46;45,28;28,76;41,75;52,29;22,89;21,19;23,28;20,82;32,01;34,1;31,74;24,52;13,71;25,69;38,5;19,16;40,65;56,34;66,84;52,93;56,93;12,18;47,45; 63.587,00 ; 4.105,00 ; 15.872,00 ; 8.881,00 ; 3.501,00 ; 57.571,00 ; 4.043,00 ; 15.143,00 ; 8.712,00 ; 3.008,00 ; 6.017,00 ; 62,00 ; 729,00 ; 169,00 ; 493,00 
1/11/23;35,58;51,83;27;52,23;74,03;38,52;14,1;18,91;12,96;31,87;34,84;31,36;14,3;12,78;14,47;44,4;44,3;44,42;57,58;58,31;57,34;58,25;19,58;42,78; 69.463,00 ; 12.379,00 ; 10.178,00 ; 5.347,00 ; 2.202,00 ; 59.394,00 ; 11.536,00 ; 9.265,00 ; 5.206,00 ; 1.690,00 ; 10.069,00 ; 843,00 ; 913,00 ; 141,00 ; 512,00 
1/10/23;46,36;60,79;44,24;64,04;74,09;47,91;22,19;21,33;22,67;44,51;39,92;46,21;22,2;24,1;22;50,89;78,79;48,46;63,32;65,95;62,41;62,95;14,15;51,77; 96.586,00 ; 20.449,00 ; 16.826,00 ; 8.512,00 ; 6.201,00 ; 74.060,00 ; 17.100,00 ; 14.719,00 ; 7.891,00 ; 3.453,00 ; 22.526,00 ; 3.349,00 ; 2.107,00 ; 621,00 ; 2.748,00 
1/9/23;51,45;66,43;51,82;60,26;73,64;59,9;23,34;24,93;23,17;38,12;39,84;38,08;20,34;28,94;19,54;36,09;61,59;33,79;72,05;74,24;71,31;72,78;23,59;54,14; 104.263,00 ; 31.108,00 ; 18.373,00 ; 7.460,00 ; 6.075,00 ; 69.480,00 ; 25.811,00 ; 14.390,00 ; 5.983,00 ; 3.392,00 ; 34.783,00 ; 5.297,00 ; 3.983,00 ; 1.477,00 ; 2.683,00 
1/8/23;57,01;69,29;56,1;62,44;69,43;48,68;52,62;26,74;59,55;58,68;31,44;65,99;33,11;22,42;34,09;44,3;51,52;43,61;67,02;65,61;67,53;73,86;24,55;54,47; 119.694,00 ; 102.825,00 ; 42.488,00 ; 13.055,00 ; 11.798,00 ; 96.905,00 ; 95.963,00 ; 37.907,00 ; 11.791,00 ; 8.039,00 ; 22.790,00 ; 6.862,00 ; 4.581,00 ; 1.264,00 ; 3.759,00 
1/7/23;45,15;57,06;42,8;52,13;56,07;38,91;30,15;20,51;33,01;46,9;26,73;52,54;21,16;22,25;21,06;32,81;44,48;31,9;60,72;59,74;61,09;61,25;14,49;49,8; 94.740,00 ; 90.837,00 ; 23.716,00 ; 8.269,00 ; 15.226,00 ; 74.489,00 ; 84.992,00 ; 19.972,00 ; 6.903,00 ; 12.675,00 ; 20.251,00 ; 5.845,00 ; 3.743,00 ; 1.366,00 ; 2.551,00 
1/6/23;46,53;58,23;45,08;60,99;67,7;54,84;20,71;16,43;22,12;35,57;28,57;37,9;16,41;21,29;16,05;37,19;61,42;35,34;57,11;59,82;56,54;57,39;17,37;43,64; 92.307,00 ; 32.316,00 ; 15.700,00 ; 6.327,00 ; 8.687,00 ; 68.738,00 ; 26.070,00 ; 12.214,00 ; 5.209,00 ; 5.466,00 ; 23.569,00 ; 6.246,00 ; 3.486,00 ; 1.119,00 ; 3.221,00 
1/5/23;45,39;54,83;47,43;50,68;67,32;47,04;14,32;19,92;13,02;31,02;44,88;27,75;17,13;19,27;16,95;42,51;59,92;41,07;62,49;74,16;58,83;64,04;20,64;46,18; 93.691,00 ; 21.647,00 ; 11.366,00 ; 6.557,00 ; 9.262,00 ; 62.751,00 ; 17.068,00 ; 9.694,00 ; 5.607,00 ; 3.785,00 ; 30.940,00 ; 4.579,00 ; 1.672,00 ; 949,00 ; 5.476,00 
1/4/23;48,62;60,25;47,14;62,19;65,73;56,64;22,5;20,16;23,5;37,96;39,15;38,3;23,75;25,15;23,64;42,38;54,67;41,39;58,76;55,4;59,89;57,83;15,35;44,55; 93.192,00 ; 33.688,00 ; 17.280,00 ; 9.345,00 ; 8.807,00 ; 74.651,00 ; 30.149,00 ; 16.414,00 ; 8.748,00 ; 5.151,00 ; 18.541,00 ; 3.539,00 ; 866,00 ; 596,00 ; 3.656,00 
1/3/23;36,36;47,44;34,21;53,36;63,87;28,35;15,79;18,75;15,21;39,76;44,97;38,81;13,07;23,52;12,23;34,94;68,43;32,13;49,69;64,98;59,56;44,34;25,13;22,02; 66.498,00 ; 8.876,00 ; 9.425,00 ; 4.810,00 ; 4.756,00 ; 58.312,00 ; 7.774,00 ; 8.569,00 ; 4.614,00 ; 3.434,00 ; 8.185,00 ; 1.102,00 ; 856,00 ; 195,00 ; 1.322,00 
1/2/23;34,24;48,2;30,21;49;68,31;39,08;16,87;10,66;18,65;38,42;24,26;42,43;12,43;16,64;11,94;35,36;55,39;32,96;54,31;60,46;52,3;51,53;12,86;41,13; 54.834,00 ; 5.086,00 ; 9.008,00 ; 3.922,00 ; 3.452,00 ; 49.489,00 ; 4.358,00 ; 8.559,00 ; 3.829,00 ; 2.505,00 ; 5.345,00 ; 728,00 ; 449,00 ; 93,00 ; 947,00 
1/1/23;25,82;35,11;20,9;37,23;53,96;16,01;11,55;10,32;11,87;19,08;22,48;17,92;7,98;7,04;8,1;18,06;20,35;17,79;54,16;63,48;51,3;55,05;18,87;39,78; 39.939,00 ; 1.402,00 ; 5.751,00 ; 2.650,00 ; 1.561,00 ; 35.718,00 ; 1.318,00 ; 5.256,00 ; 2.385,00 ; 1.055,00 ; 4.221,00 ; 84,00 ; 495,00 ; 266,00 ; 507,00 
1/12/22;32,51;44,52;30,45;36,72;47,62;22,73;20,02;21,25;19,6;29,58;23,29;31,33;22,08;32,46;21,06;39,91;73,97;36,45;59,88;72,47;56,01;62,87;11,67;53,43; 57.510,00 ; 4.815,00 ; 10.759,00 ; 7.200,00 ; 4.046,00 ; 51.555,00 ; 4.815,00 ; 9.683,00 ; 7.045,00 ; 3.581,00 ; 5.955,00 ;; 1.076,00 ; 155,00 ; 466,00 
1/11/22;36,07;44,88;34,54;54,34;63,8;46,5;12,96;18,98;11,14;33,29;49,98;28,26;14,46;13,06;14,66;36,33;46,99;35,46;66,45;69,92;65,4;69,56;22,8;51,11; 66.315,00 ; 7.151,00 ; 6.653,00 ; 4.655,00 ; 3.627,00 ; 57.403,00 ; 6.420,00 ; 5.633,00 ; 4.227,00 ; 2.734,00 ; 8.912,00 ; 731,00 ; 1.020,00 ; 428,00 ; 892,00 
1/10/22;48,11;59,05;49,77;56,89;71,04;48,31;21,23;19,84;21,76;41,96;38,69;43,16;21,08;27,65;20,53;43,41;71,66;40,9;63,22;71,13;60,8;66,96;22,12;49,06; 95.703,00 ; 16.831,00 ; 13.155,00 ; 7.129,00 ; 6.008,00 ; 76.552,00 ; 12.401,00 ; 11.383,00 ; 6.230,00 ; 3.998,00 ; 19.151,00 ; 4.430,00 ; 1.772,00 ; 900,00 ; 2.009,00 
1/9/22;51,45;60,92;51,14;63,87;63,42;63,91;20,62;14,06;22,57;39,31;25,91;43,31;21,8;22,49;21,71;42,53;59,95;40,52;58,46;66,75;55,92;61,81;14,1;50,4; 99.356,00 ; 31.174,00 ; 12.574,00 ; 6.963,00 ; 7.699,00 ; 71.319,00 ; 27.282,00 ; 10.166,00 ; 5.467,00 ; 3.625,00 ; 28.037,00 ; 3.892,00 ; 2.408,00 ; 1.495,00 ; 4.074,00 
1/8/22;60,41;66,66;55,76;69,3;71,93;49;31,73;22,69;34,65;45,87;37,67;48,73;31,8;40,4;30,87;42,99;63,57;40,7;53,88;66,61;49,96;58,51;21,08;41,46; 122.344,00 ; 114.221,00 ; 27.568,00 ; 10.869,00 ; 11.570,00 ; 101.516,00 ; 108.053,00 ; 22.449,00 ; 9.142,00 ; 7.184,00 ; 20.828,00 ; 6.168,00 ; 5.119,00 ; 1.727,00 ; 4.386,00 
1/7/22;44,69;56,6;43,87;56,2;64,46;41,59;18,86;14,02;20,27;38,75;29,5;41,46;23,77;15,62;24,7;40,92;34,54;41,65;59,27;65,45;57,39;59,87;11,92;50,23; 89.568,00 ; 98.783,00 ; 20.285,00 ; 7.434,00 ; 12.970,00 ; 71.304,00 ; 94.939,00 ; 17.696,00 ; 5.749,00 ; 10.796,00 ; 18.264,00 ; 3.844,00 ; 2.589,00 ; 1.686,00 ; 2.173,00 
1/6/22;42,78;55,24;36,61;59,86;66,45;58,03;13,84;15,49;13,29;32,36;40,66;29,72;19,6;21,45;19,39;44,52;47,48;44,18;54,27;74,23;49,39;55,72;18,44;40,99; 82.621,00 ; 40.648,00 ; 11.854,00 ; 6.138,00 ; 6.448,00 ; 60.503,00 ; 32.915,00 ; 9.289,00 ; 4.959,00 ; 3.917,00 ; 22.118,00 ; 7.733,00 ; 2.565,00 ; 1.178,00 ; 2.531,00 
1/5/22;43,22;51,77;42,81;59,27;70,05;41,21;21,06;15,75;22,64;32,46;29,22;33,43;17,74;25,65;16,92;41,03;76,25;37,35;55,77;74,95;50,5;57,08;18,41;40,9; 84.515,00 ; 20.577,00 ; 8.920,00 ; 5.702,00 ; 7.163,00 ; 60.330,00 ; 15.858,00 ; 7.667,00 ; 4.686,00 ; 4.011,00 ; 24.184,00 ; 4.719,00 ; 1.253,00 ; 1.016,00 ; 3.152,00 
1/4/22;44,93;54,06;37,98;58,7;61,3;49;10,65;14,56;9,35;28,3;41,35;23,92;23,32;29,03;22,65;48,1;73,7;45,06;67,46;74,61;65,12;59,75;20,02;39,72; 86.260,00 ; 29.924,00 ; 13.110,00 ; 7.180,00 ; 5.859,00 ; 70.378,00 ; 22.111,00 ; 11.589,00 ; 6.626,00 ; 3.540,00 ; 15.882,00 ; 7.813,00 ; 1.521,00 ; 553,00 ; 2.319,00 
1/3/22;29,87;37,42;31,46;49;59,9;33,75;13,31;9,86;14,35;27,53;22,18;29,06;11,22;15,91;10,79;33,17;53,16;31,23;61,24;74,32;57,75;40,7;14,27;27,91; 55.307,00 ; 7.822,00 ; 6.318,00 ; 3.477,00 ; 2.724,00 ; 45.779,00 ; 6.264,00 ; 5.951,00 ; 3.138,00 ; 2.179,00 ; 9.528,00 ; 1.558,00 ; 367,00 ; 338,00 ; 545,00 
1/2/22;33,42;38,72;28,27;52,87;65,02;41,13;7,55;4,64;8,43;14,67;8,49;16,55;10,07;16,14;9,33;28;47,85;25,54;55,15;61,42;53,24;55,58;11,4;46,35; 46.288,00 ; 4.282,00 ; 6.745,00 ; 2.705,00 ; 2.026,00 ; 40.389,00 ; 3.790,00 ; 6.119,00 ; 2.554,00 ; 1.734,00 ; 5.899,00 ; 492,00 ; 625,00 ; 151,00 ; 292,00 
1/1/22;18,51;25,12;17,62;27,41;39,48;17,25;16,52;12,58;17,59;19,35;16,41;20,03;7,43;9,29;7,19;16,62;18,76;16,33;57,99;64,59;55,97;58,84;19,2;43,31; 31.065,00 ; 1.981,00 ; 4.391,00 ; 2.133,00 ; 1.030,00 ; 26.860,00 ; 1.818,00 ; 4.045,00 ; 2.079,00 ; 923,00 ; 4.205,00 ; 163,00 ; 346,00 ; 54,00 ; 107,00 
1/12/21;29,53;34,26;28,07;33,08;28,64;24,27;14,51;13,62;14,58;27,35;27,29;26,94;23,34;21,13;23,55;37,11;33,53;37,46;63,21;65,95;62,39;65,85;11,69;56,39; 50.980,00 ; 3.734,00 ;; 7.322,00 ;; 45.449,00 ; 3.674,00 ;; 5.956,00 ;; 5.531,00 ; 60,00 ;; 1.366,00 ;
1/11/21;36,1;44,7;32,04;54,75;62,76;47,31;25,15;16,6;27,67;40,5;22,28;46,11;19,87;22,63;19,45;49,94;74,99;46,43;72,99;74,87;72,44;75,11;32,41;48,89; 63.773,00 ; 6.919,00 ; 8.142,00 ; 6.430,00 ; 2.227,00 ; 56.667,00 ; 6.546,00 ; 7.633,00 ; 4.756,00 ; 1.806,00 ; 7.106,00 ; 373,00 ; 508,00 ; 1.674,00 ; 421,00 
1/10/21;48,93;62,77;41,77;60,64;68,61;43,73;23,69;14,13;26,55;38,83;17,13;45,56;28,68;36,32;27,58;54,64;76,22;51,54;73,5;72,59;73,81;74,38;22,27;56,36; 93.656,00 ; 19.969,00 ; 14.734,00 ; 9.594,00 ; 5.640,00 ; 78.242,00 ; 17.599,00 ; 13.194,00 ; 7.712,00 ; 4.558,00 ; 15.414,00 ; 2.370,00 ; 1.540,00 ; 1.883,00 ; 1.082,00 
1/9/21;46,2;59,43;37,88;62,63;72,75;57,71;47,76;18,27;56,81;53,82;23,76;62,98;22,14;18,96;22,35;43,95;50,78;43,04;65,29;64,46;65,58;63,01;13,44;52,14; 85.262,00 ; 33.302,00 ; 13.328,00 ; 7.038,00 ; 4.549,00 ; 65.909,00 ; 30.768,00 ; 9.976,00 ; 5.004,00 ; 2.741,00 ; 19.353,00 ; 2.534,00 ; 3.352,00 ; 2.035,00 ; 1.808,00 
1/8/21;62;74,73;56,15;71,77;82,26;49,71;34,74;17;41,3;44,46;20,58;53,32;40,93;40,81;40,81;54,37;67,6;46,72;61,42;74,51;57,97;59,25;18,65;44,35; 122.226,00 ; 133.182,00 ; 27.226,00 ; 13.826,00 ; 10.347,00 ; 106.991,00 ; 129.250,00 ; 25.888,00 ; 11.292,00 ; 8.741,00 ; 15.235,00 ; 3.932,00 ; 1.339,00 ; 2.534,00 ; 1.606,00 
1/7/21;39,09;42,85;36,51;52,35;56,61;36,95;13,77;11,39;14,38;26,51;20,76;28,07;29,55;30,33;29,48;51,15;68,39;44,14;66,2;73,21;62,3;45,06;19,71;27,38; 74.049,00 ; 93.698,00 ; 19.644,00 ; 10.186,00 ; 11.341,00 ; 64.460,00 ; 91.501,00 ; 17.803,00 ; 7.952,00 ; 10.430,00 ; 9.589,00 ; 2.197,00 ; 1.841,00 ; 2.234,00 ; 911,00 
1/6/21;27,43;30,6;31,18;39,08;40,09;46,27;9,08;9,87;8,34;16,4;11,63;17,75;16,26;22,55;15,38;32,77;46,33;30,85;69,64;73,96;66,99;69,79;28,56;41,23; 46.973,00 ; 27.418,00 ; 7.716,00 ; 5.177,00 ; 2.558,00 ; 40.409,00 ; 26.455,00 ; 6.816,00 ; 3.573,00 ; 2.207,00 ; 6.564,00 ; 963,00 ; 900,00 ; 1.604,00 ; 351,00 
1/5/21;21,02;30,55;19,46;29,61;49,7;23,23;5,31;5,22;5,06;9,09;5,87;10,66;7,75;14,24;6,87;15,12;18,1;14,68;61,13;74,35;57,91;61,71;18,9;42,81; 32.080,00 ; 12.274,00 ; 4.097,00 ; 2.437,00 ; 1.164,00 ; 28.727,00 ; 11.771,00 ; 3.878,00 ; 2.377,00 ; 1.000,00 ; 3.353,00 ; 503,00 ; 218,00 ; 60,00 ; 164,00 
1/4/21;13,37;17,86;12,37;10,83;14,32;10,91;5,29;7,73;3,74;8,73;6,87;9,1;6,68;12,95;5,83;10,98;13,1;10,67;57,35;54,68;59,18;57,2;14,16;45,9; 16.797,00 ;; 2.293,00 ; 2.031,00 ; 281,00 ; 14.821,00 ;; 2.278,00 ; 2.027,00 ; 259,00 ; 1.976,00 ;; 15,00 ; 5,00 ; 22,00 
1/3/21;14,28;20,35;12,24;12,79;17,62;12,54;4,86;8,06;2,05;5,58;7,91;3,29;3,07;5,48;2,75;5,28;6,67;5,04;59,44;74,99;55,63;64,25;12,91;53,82; 17.404,00 ; 390,00 ; 1.649,00 ; 888,00 ; 212,00 ; 15.229,00 ; 371,00 ; 1.501,00 ; 786,00 ; 201,00 ; 2.175,00 ; 19,00 ; 149,00 ; 103,00 ; 11,00 
1/2/21;10,32;12,83;11,81;5,47;8,15;3,22;3,78;8,4;2,07;4,88;9,83;3,22;2,54;4,2;2,34;1,57;;1,7;65,4;69,66;64,11;71,46;21,52;54,06; 9.236,00 ;;; 603,00 ;; 8.126,00 ;;; 598,00 ;; 1.110,00 ;;; 5,00 ;
1/1/21;7,79;12,08;4,66;5,23;9,89;5,24;2,99;7,71;0,82;2,39;6,69;0,43;1,73;1,74;1,71;0,79;;0,89;63,36;67,52;62,09;62,36;19,79;46,36; 8.420,00 ;; 1.271,00 ; 438,00 ; 35,00 ; 7.602,00 ;; 1.271,00 ; 433,00 ; 10,00 ; 817,00 ;;; 5,00 ; 25,00 
1/12/20;10,01;14,71;8,32;7,94;13,37;5,42;7,72;11,77;6,3;13,93;13,62;14;5,11;9,91;4,59;5,71;8,08;5,44;62,42;119,17;39,46;64,74;19,68;45,06; 11.377,00 ; 695,00 ; 1.173,00 ; 1.440,00 ;; 9.978,00 ; 655,00 ; 1.139,00 ; 1.440,00 ;; 1.399,00 ; 40,00 ; 34,00 ;;
1/11/20;10,23;12,58;11,15;5,6;8,44;5,47;9,72;10,17;9,5;17,93;14,59;19,11;3,8;14,73;2,73;2,88;1,84;2,95;;;;;;; 10.929,00 ;; 888,00 ; 1.065,00 ;; 9.303,00 ;;;;; 1.626,00 ;;;;
1/10/20;17,68;23,98;15,11;19,07;27,84;10,94;28,37;10,13;35,52;32,28;13,02;39,82;8,19;23,64;6,17;11,48;7,85;11,92;53,7;86,34;47,58;46,56;;46,56; 29.564,00 ; 6.988,00 ; 3.633,00 ; 2.451,00 ; 794,00 ; 26.059,00 ; 6.597,00 ; 3.534,00 ; 2.429,00 ; 786,00 ; 3.505,00 ; 391,00 ; 98,00 ; 22,00 ; 8,00 
1/9/20;23,71;28,47;22,81;30,37;34,91;30,7;14,42;5,05;17,68;23,15;6,2;29,04;10,08;22,05;8,67;19,86;30,59;18,42;61,3;77,06;57,17;58,17;18,6;43,32; 39.126,00 ; 17.752,00 ; 4.639,00 ; 3.180,00 ;; 34.741,00 ; 17.528,00 ; 4.439,00 ; 3.022,00 ;; 4.385,00 ; 224,00 ; 200,00 ; 158,00 ;
1/8/20;39;44,67;39,89;43,09;59,52;34,85;4,69;2,55;6,53;7,02;4,78;9,42;41,4;36,03;41,49;56,58;63,02;55,41;61,73;74,53;57,84;58,89;25,59;36,55; 65.449,00 ; 81.899,00 ; 16.029,00 ; 13.759,00 ; 419,00 ; 59.820,00 ; 80.828,00 ; 15.448,00 ; 13.556,00 ; 415,00 ; 5.630,00 ; 1.071,00 ; 581,00 ; 202,00 ; 4,00 
1/7/20;31,6;37,26;30,1;30,34;44,4;23,66;2,17;5,29;0,54;1,16;2,14;0,61;23,41;36,46;21,94;46,34;80,96;42,37;72,21;74,47;71,65;59,23;12,24;48,27; 49.321,00 ; 55.209,00 ; 7.494,00 ; 7.280,00 ; 841,00 ; 43.525,00 ; 54.627,00 ; 7.038,00 ; 7.030,00 ; 832,00 ; 5.796,00 ; 582,00 ; 456,00 ; 250,00 ; 9,00 
1/6/20;14,3;23,41;13,94;10,4;16,01;10,79;7,08;1,92;9,69;8,76;4,96;10,54;8,74;20,16;7,36;17,58;30,07;15,97;60,66;74,35;57,3;61,62;18,94;46,33; 10.168,00 ; 10.020,00 ; 1.942,00 ; 2.233,00 ;; 9.161,00 ; 9.998,00 ; 1.942,00 ; 2.209,00 ;; 1.007,00 ; 22,00 ;; 24,00 ;
1/5/20;8,89;17,2;6,57;1,66;7,06;0,18;11,53;6,13;13,43;22,77;11,42;26,78;5,45;15,82;4,03;3,41;2,69;3,48;62,63;63,14;62,5;60,75;18,57;45,75; 1.596,00 ;; 507,00 ; 519,00 ;; 1.537,00 ;;;;; 58,00 ;;;;
1/3/20;18,45;24,75;15,1;10,61;13,38;11,36;7,92;4,54;9,07;16,43;12,51;17,75;7,99;11,68;7,48;18,83;18,86;18,55;63,85;64,45;63,69;69,98;19,36;54,35; 20.360,00 ; 3.144,00 ; 1.990,00 ; 1.233,00 ; 449,00 ; 17.715,00 ; 3.144,00 ; 1.238,00 ; 1.228,00 ; 324,00 ; 2.645,00 ;; 752,00 ; 5,00 ; 125,00 
1/2/20;38,27;45,33;33,4;55,51;70,83;44,62;15,16;6,78;18,11;24,67;15,59;27,7;12,07;12,77;11,98;31,5;35,7;30,86;75,01;76,84;74,49;73,25;23,28;54,76; 65.221,00 ; 7.730,00 ; 6.026,00 ; 3.744,00 ; 974,00 ; 57.266,00 ; 6.850,00 ; 5.834,00 ; 3.685,00 ; 974,00 ; 7.955,00 ; 880,00 ; 192,00 ; 58,00 ;
1/1/20;26,35;38,01;26,64;34,6;50,39;21,29;12,03;7,4;13,83;29;15,26;34,28;9,7;9,89;9,62;21,32;17,48;21,44;71,26;68,26;72,21;77,42;16,21;64,55; 46.282,00 ; 3.683,00 ; 4.557,00 ; 2.901,00 ; 318,00 ; 40.155,00 ; 3.439,00 ; 4.376,00 ; 2.866,00 ; 315,00 ; 6.127,00 ; 244,00 ; 181,00 ; 35,00 ; 3,00 
1/12/19;33,49;40,31;31,76;49,41;55,54;34,81;17,35;8,3;20,62;41,53;21,11;48,88;27,73;28,95;27,59;42,72;34,58;44,22;64,52;67,6;63,61;66,98;22,15;49,38; 59.898,00 ; 9.501,00 ; 8.727,00 ; 10.075,00 ; 981,00 ; 54.041,00 ;; 8.456,00 ; 9.986,00 ; 981,00 ; 5.857,00 ;; 271,00 ; 89,00 ;
1/11/19;40,68;47,82;37,39;58,95;63,68;50,15;15,85;11,18;17,48;33,5;23,4;37,01;21,75;23,12;21,55;56,16;62,91;55,17;60,9;65,17;59,62;60,78;20,95;44,14; 76.790,00 ; 10.308,00 ; 7.034,00 ; 7.866,00 ; 1.083,00 ; 66.530,00 ; 9.744,00 ; 6.868,00 ; 7.661,00 ; 1.083,00 ; 10.260,00 ; 564,00 ; 166,00 ; 205,00 ;
1/10/19;49,54;61,96;47,34;68,75;77,94;52,53;40,26;15,82;49,08;43,67;19,73;52,25;22,18;22,94;22,12;59,6;51,96;60,92;62,99;65,39;62,27;61,88;19,44;46,43; 99.566,00 ; 15.627,00 ; 10.437,00 ; 8.442,00 ; 1.272,00 ; 77.035,00 ; 12.336,00 ; 9.165,00 ; 7.233,00 ; 956,00 ; 22.531,00 ; 3.291,00 ; 1.273,00 ; 1.208,00 ; 316,00 
1/9/19;55,29;66,23;51,93;70,45;76,52;65,03;19,91;9,07;23,52;39,55;14,63;47,82;21,14;22,32;21;55,94;60,02;55,45;66,55;78,24;63,45;61,64;19,51;46,07; 107.114,00 ; 32.879,00 ; 8.676,00 ; 7.825,00 ; 1.999,00 ; 74.057,00 ; 29.581,00 ; 7.127,00 ; 6.398,00 ; 1.230,00 ; 33.057,00 ; 3.298,00 ; 1.548,00 ; 1.427,00 ; 769,00 
1/8/19;59,89;71,2;36,46;63,99;76,23;50,89;16,21;12,55;17,21;33,18;23,41;35,82;37,35;22,36;39,98;45,88;32,1;48,35;61,55;77,13;57,45;59,06;19,13;43,79; 124.132,00 ; 148.142,00 ; 22.660,00 ; 13.831,00 ; 2.289,00 ; 105.051,00 ; 140.287,00 ; 20.908,00 ; 12.473,00 ; 1.918,00 ; 19.081,00 ; 7.855,00 ; 1.751,00 ; 1.358,00 ; 371,00 
1/7/19;43,87;49,44;40,79;59,23;69,2;45,71;12,83;8,53;14;25,24;18,36;27,1;23,34;34,15;21,63;48,94;62,97;46,81;63,31;75,01;59,51;65,31;26,53;38,77; 90.142,00 ; 105.321,00 ; 10.905,00 ; 8.494,00 ; 3.228,00 ; 71.776,00 ; 100.648,00 ; 8.676,00 ; 7.461,00 ; 2.908,00 ; 18.366,00 ; 4.673,00 ; 2.229,00 ; 1.034,00 ; 320,00 
1/6/19;45,85;53,72;45,47;61,1;71,99;63,71;19,69;15,78;20,76;33,61;24,03;36,24;18,84;17,35;19,16;46,52;38,07;48,08;69,83;74,77;68,46;50,75;12;40,01; 89.630,00 ; 29.666,00 ; 8.077,00 ; 6.580,00 ; 3.491,00 ; 66.416,00 ; 23.494,00 ; 7.025,00 ; 6.077,00 ; 3.048,00 ; 23.213,00 ; 6.172,00 ; 1.052,00 ; 503,00 ; 443,00 
1/5/19;47,44;54,32;42,84;59,2;73,4;47,07;12,76;7,99;14,16;25,09;18;27,16;18,78;27,42;17,43;47,03;63,82;44,44;60,86;54,79;63,47;59,54;12,16;49,86; 96.017,00 ; 17.529,00 ; 6.411,00 ; 6.268,00 ; 2.014,00 ; 67.275,00 ; 13.047,00 ; 4.801,00 ; 5.653,00 ; 1.345,00 ; 28.741,00 ; 4.482,00 ; 1.610,00 ; 615,00 ; 669,00 
1/4/19;45,75;52,04;41,68;56,47;62,31;52,75;12,7;4,15;15,32;27,26;9,83;32,59;23,07;22,08;23,36;52,01;52,36;52,25;62,64;62,88;62,59;60,72;18,56;45,73; 88.820,00 ; 30.945,00 ; 9.468,00 ; 7.553,00 ; 2.371,00 ; 70.807,00 ; 27.550,00 ; 8.831,00 ; 7.355,00 ; 1.958,00 ; 18.012,00 ; 3.395,00 ; 637,00 ; 198,00 ; 413,00 
1/3/19;38,93;46,43;33,65;54,61;70,51;39,35;8,59;10,2;8,1;18,62;16,04;19,38;18,91;15,34;19,63;50,66;39,7;52,75;62,04;63,12;61,72;70,73;19,2;55,23; 71.588,00 ; 11.527,00 ; 6.363,00 ; 6.322,00 ; 1.313,00 ; 63.186,00 ; 10.066,00 ; 5.989,00 ; 6.172,00 ; 1.248,00 ; 8.402,00 ; 1.461,00 ; 374,00 ; 151,00 ; 65,00 
1/2/19;31,43;38,97;26,07;47,58;61,01;38,08;19,43;17,2;20,06;28,16;24,44;29,2;12,16;17,27;11,35;36,93;43,8;35,98;75,18;71,48;76,33;77,11;23,59;58,37; 51.447,00 ; 6.131,00 ; 5.505,00 ; 3.538,00 ; 1.123,00 ; 45.247,00 ; 5.513,00 ; 5.064,00 ; 3.456,00 ; 984,00 ; 6.200,00 ; 618,00 ; 441,00 ; 82,00 ; 139,00 
1/1/19;55,66;77,6;48,61;32,02;49,24;18,6;12,82;10,08;13,58;30,34;18,98;33,41;5,32;2,49;5,9;14,21;1,38;16,5;65,74;67,79;65,16;74,34;21,52;57,24; 44.609,00 ; 3.497,00 ; 4.053,00 ; 1.626,00 ; 477,00 ; 38.905,00 ; 3.254,00 ; 3.901,00 ; 1.611,00 ; 477,00 ; 5.704,00 ; 243,00 ; 152,00 ; 14,00 ;
1/12/18;35,49;43,06;29,91;50,21;57,68;55,49;16,96;14,99;17,52;39,54;31,72;41,72;26,78;30,43;26,28;39,16;38,9;39,34;61,91;68,41;59,93;59,85;20,25;43,76; 62.854,00 ; 9.898,00 ; 9.793,00 ; 9.204,00 ; 1.268,00 ; 57.422,00 ;; 9.360,00 ; 9.121,00 ; 1.265,00 ; 5.433,00 ;; 433,00 ; 82,00 ; 3,00 
1/11/18;43,51;52,77;37,15;61,62;71,94;54,56;17,64;14,39;18,55;34,1;27,32;36;22,58;26,68;21,99;57,63;65,61;56,52;57,31;63,4;55,47;60,03;20,1;44,07; 81.388,00 ; 11.776,00 ; 6.448,00 ; 7.795,00 ; 847,00 ; 72.669,00 ;; 6.244,00 ; 7.702,00 ; 840,00 ; 8.720,00 ;; 204,00 ; 93,00 ; 7,00 
1/10/18;48,27;55,57;43,44;67,2;74,4;62,51;31,74;26,22;33,24;39,34;30,93;41,63;23,38;32,99;21,95;61,08;78,72;58,54;58,46;64,53;56,62;60,16;21,1;43,4; 98.996,00 ; 14.707,00 ; 8.846,00 ; 8.385,00 ; 1.557,00 ; 80.207,00 ; 12.098,00 ; 8.072,00 ; 8.127,00 ; 1.158,00 ; 18.790,00 ; 2.609,00 ; 774,00 ; 258,00 ; 399,00 
1/9/18;55,47;63,22;49,98;67,26;71,06;64,51;22,77;13,55;25,26;38,36;24,83;42,01;21,8;23,09;21,59;52,19;60,25;50,97;59,71;61,06;59,4;58,92;16,47;45,78; 109.232,00 ; 28.096,00 ; 8.579,00 ; 7.408,00 ; 1.634,00 ; 76.159,00 ; 25.732,00 ; 7.511,00 ; 6.627,00 ; 1.002,00 ; 33.073,00 ; 2.364,00 ; 1.068,00 ; 781,00 ; 632,00 
1/8/18;57,92;67,83;51,43;65,77;76,83;58,53;17,73;22,75;16,54;35,49;36;35,22;43,24;31,92;45,14;54,15;33,06;57,59;57,81;58,73;57,61;56,82;14,62;45,16; 123.168,00 ; 142.395,00 ; 15.183,00 ; 15.171,00 ; 2.230,00 ; 103.233,00 ; 135.543,00 ; 13.687,00 ; 14.260,00 ; 1.856,00 ; 19.935,00 ; 6.852,00 ; 1.495,00 ; 911,00 ; 374,00 
1/7/18;45,44;53,79;39,97;60,12;70,5;53,38;15,06;17,44;14,46;31;38,31;29,16;27,82;24,49;28,47;50,93;46,85;51,78;60,05;62,04;59,44;57,3;20,65;36,65; 93.773,00 ; 89.444,00 ; 11.244,00 ; 9.721,00 ; 2.958,00 ; 75.470,00 ; 85.347,00 ; 10.283,00 ; 9.121,00 ; 2.648,00 ; 18.302,00 ; 4.097,00 ; 960,00 ; 600,00 ; 310,00 
1/6/18;46,22;54,49;40,44;56,38;66,6;49,25;16,85;15,17;17,32;28,33;36,36;26,24;20,18;22,1;19,79;45,02;48,43;44,27;63,49;74,76;60,3;62,56;12,21;50,35; 90.132,00 ; 26.239,00 ; 8.404,00 ; 7.004,00 ; 2.318,00 ; 67.381,00 ; 19.418,00 ; 7.723,00 ; 6.438,00 ; 2.021,00 ; 22.752,00 ; 6.821,00 ; 681,00 ; 566,00 ; 297,00 
1/5/18;45,38;52,27;40,52;58,2;70,11;49,81;18,99;11,78;20,74;37,81;26,05;40,67;17,03;22,28;16,23;48,3;69,97;45,1;60,18;75,05;56,53;58,49;18,7;43,58; 90.965,00 ; 14.174,00 ; 6.795,00 ; 6.116,00 ; 1.409,00 ; 63.501,00 ; 10.680,00 ; 5.908,00 ; 5.622,00 ; 920,00 ; 27.464,00 ; 3.494,00 ; 886,00 ; 494,00 ; 489,00 
1/4/18;43,1;53,34;35,85;57,21;70,68;47,65;18,02;6,15;21,05;39,72;13,25;46,43;22,69;30,83;21,47;46,83;73,92;43,07;62,16;64,75;61,37;57,74;18,85;42,52; 84.448,00 ; 17.154,00 ; 7.982,00 ; 8.059,00 ; 2.023,00 ; 66.517,00 ; 14.361,00 ; 7.493,00 ; 7.660,00 ; 1.517,00 ; 17.931,00 ; 2.793,00 ; 488,00 ; 399,00 ; 506,00 
1/3/18;39,84;47,12;34,07;57,8;70,55;47,71;11,03;2,64;13,11;22,64;2,08;27,73;21,94;21,48;21,92;44,21;44,81;43,96;61,81;65,32;60,74;62,83;19,08;47,42; 76.384,00 ; 22.264,00 ; 9.080,00 ; 8.036,00 ; 2.267,00 ; 65.636,00 ; 19.601,00 ; 8.868,00 ; 7.852,00 ; 1.943,00 ; 10.748,00 ; 2.663,00 ; 213,00 ; 184,00 ; 324,00 
1/2/18;31,69;37,86;26,61;48,38;59,27;39,43;24,78;35,66;22,16;37,15;52,31;33,48;11,1;11,69;10,98;32,99;31,99;33,08;74,3;71,16;75,27;73,16;22,75;55,1; 52.887,00 ; 4.403,00 ; 7.460,00 ; 3.418,00 ; 1.253,00 ; 46.925,00 ; 3.447,00 ; 7.048,00 ; 3.288,00 ; 1.175,00 ; 5.962,00 ; 956,00 ; 412,00 ; 130,00 ; 78,00 
1/1/18;24,84;30,06;20,26;33,82;44,28;24,64;15,48;25,53;13,18;34,5;39,35;33,38;7,66;8,02;7,6;22,21;22,12;22,25;68,36;68,59;68,31;70,72;22,18;53,1; 43.577,00 ; 3.518,00 ; 5.163,00 ; 2.258,00 ; 460,00 ; 37.091,00 ; 3.240,00 ; 5.131,00 ; 2.223,00 ; 450,00 ; 6.486,00 ; 278,00 ; 31,00 ; 35,00 ; 10,00 
1/12/17;36,31;42,91;31,26;47,42;52,21;43,81;25,31;43,56;21,14;49,68;66,49;45,69;23,7;18,03;24,64;38,34;29,66;39,77;67,17;64,59;67,98;61,01;20,07;45,02; 66.129,00 ; 8.628,00 ; 11.791,00 ; 8.044,00 ; 1.503,00 ; 60.897,00 ;; 11.431,00 ; 7.971,00 ; 1.496,00 ; 5.232,00 ;; 359,00 ; 73,00 ; 7,00 
1/11/17;39,74;49,42;32,67;61,99;76,43;51,47;22,89;35,97;19,8;32,87;42,01;30,88;14,97;10,08;15,72;47,05;31,68;49,34;60,26;65,32;58,72;60,15;19,09;44,94; 75.128,00 ; 10.756,00 ; 7.276,00 ; 5.354,00 ; 544,00 ; 66.421,00 ;; 6.782,00 ; 5.314,00 ; 543,00 ; 8.707,00 ;; 494,00 ; 40,00 ; 1,00 
1/10/17;48,64;58,4;41,81;70,42;80,11;63,59;43,07;54;40,68;56,2;67,29;53,74;23,55;19,39;24,18;59,24;56,08;59,72;64,89;63,45;65,35;62,13;20,32;45,94; 97.292,00 ; 17.000,00 ; 12.233,00 ; 8.858,00 ; 1.026,00 ; 79.695,00 ; 15.317,00 ; 10.593,00 ; 8.614,00 ; 1.003,00 ; 17.597,00 ; 1.683,00 ; 1.640,00 ; 244,00 ; 23,00 
1/9/17;58,07;71,34;48,98;68;77,7;61,4;32,1;40,96;30,09;50,44;64,95;47,11;21,83;15,77;22,67;45,49;37,79;46,56;58,38;75,64;54,14;60,47;18,93;45,33; 114.190,00 ; 26.985,00 ; 11.096,00 ; 8.021,00 ; 810,00 ; 83.380,00 ; 23.956,00 ; 9.857,00 ; 7.376,00 ; 700,00 ; 30.810,00 ; 3.029,00 ; 1.239,00 ; 644,00 ; 110,00 
1/8/17;62,91;75,59;54,29;72,06;87,91;61,31;20,8;36,67;17,11;32,43;53,33;27,58;37,64;21,06;40,27;52,48;37,15;54,9;59,3;75,47;55,32;58,62;18,55;43,78; 131.789,00 ; 143.181,00 ; 21.164,00 ; 14.797,00 ; 1.708,00 ; 113.515,00 ; 136.238,00 ; 19.025,00 ; 13.923,00 ; 1.363,00 ; 18.274,00 ; 6.943,00 ; 2.139,00 ; 873,00 ; 345,00 
1/7/17;48,18;62,92;38,24;62,14;79,44;50,46;19,47;38,34;15,39;39,77;76,36;31,91;22;14,34;23,26;42,11;27,44;44,48;63,92;75,28;60,17;62,65;25,59;37,05; 99.294,00 ; 92.111,00 ; 15.581,00 ; 8.413,00 ; 2.222,00 ; 80.386,00 ; 87.593,00 ; 14.082,00 ; 7.738,00 ; 2.049,00 ; 18.908,00 ; 4.518,00 ; 1.499,00 ; 674,00 ; 173,00 
1/6/17;47,99;59,66;39,93;62,53;76,7;52,7;29,98;12,3;33,34;48,41;32,23;51,34;17,61;13,33;18,28;43,66;36,69;44,69;60,87;75,35;57,75;58,58;17,33;45,06; 94.310,00 ; 26.379,00 ; 9.592,00 ; 6.460,00 ; 1.310,00 ; 70.944,00 ; 20.783,00 ; 8.429,00 ; 5.858,00 ; 1.261,00 ; 23.367,00 ; 5.596,00 ; 1.162,00 ; 603,00 ; 49,00 
1/5/17;45,13;59,36;35,45;61,43;80,29;48,48;18,18;7,54;20,23;36,51;22,15;39,16;16,95;13,95;17,46;47,74;37,88;49,39;56,09;60,63;54,69;56,6;18,98;41,23; 91.586,00 ; 15.744,00 ; 8.841,00 ; 6.262,00 ; 473,00 ; 63.699,00 ; 12.880,00 ; 7.569,00 ; 5.567,00 ; 374,00 ; 27.887,00 ; 2.864,00 ; 1.272,00 ; 696,00 ; 99,00 
1/4/17;50,46;60,2;43,55;67,94;75,48;62,5;19,98;4,9;23,26;42,58;17,15;47,86;31,31;23,46;32,61;58,42;47,01;60,28;59,61;70,06;56,37;57,97;32,55;31,6; 98.061,00 ; 31.963,00 ; 13.748,00 ; 11.433,00 ; 1.384,00 ; 81.589,00 ; 27.743,00 ; 12.342,00 ; 10.840,00 ; 1.243,00 ; 16.471,00 ; 4.220,00 ; 1.406,00 ; 593,00 ; 141,00 
1/3/17;38,54;47,82;31,15;58,22;69,97;48,87;9,95;0,99;11,8;17,17;1,24;20,48;15,4;12;16;43,28;39,27;43,96;61,32;66,04;59,88;63,19;19,5;47,4; 71.512,00 ; 9.285,00 ; 8.419,00 ; 5.503,00 ; 649,00 ; 63.254,00 ; 8.656,00 ; 7.661,00 ; 5.390,00 ; 634,00 ; 8.257,00 ; 629,00 ; 758,00 ; 112,00 ; 15,00 
1/2/17;33,54;41,6;27;52,82;62,05;45,32;21,65;9,53;24,19;34,39;18,54;37,7;13;11,49;13,27;38,88;36,49;39,28;71,31;70,35;71,63;72,88;23,11;54,47; 55.405,00 ; 3.730,00 ; 7.408,00 ; 4.057,00 ; 1.016,00 ; 49.768,00 ; 3.215,00 ; 6.636,00 ; 3.992,00 ; 692,00 ; 5.637,00 ; 515,00 ; 771,00 ; 65,00 ; 324,00 
1/1/17;27,23;37,19;18,76;37,2;53,13;23,63;14,92;6,37;16,78;32,88;14,33;36,88;6,22;4,45;6,57;16,41;11,74;17,33;64,88;68,87;63,68;68,62;23,82;49,64; 47.018,00 ; 2.774,00 ; 4.716,00 ; 1.956,00 ;; 41.016,00 ; 2.531,00 ; 4.329,00 ; 1.896,00 ;; 6.001,00 ; 243,00 ; 387,00 ; 59,00 ;
1/12/16;38,74;48,73;30,94;45,15;49,91;41,38;26,56;20,28;27,92;47,31;41,9;48,54;23,58;10,23;25,77;43,88;15,56;48,57;62,86;65,34;62,12;63,8;20,56;47,42; 68.996,00 ; 8.119,00 ; 10.528,00 ; 7.699,00 ; 359,00 ; 63.034,00 ;; 10.402,00 ; 7.641,00 ; 359,00 ; 5.962,00 ;; 126,00 ; 59,00 ;
1/11/16;38,1;50,79;28,81;61,21;79,02;48,08;24,05;20,36;24,56;38,62;32,65;39,44;15,06;7,48;16,28;47,38;27,01;50,56;57,19;61,42;55,92;60,35;20,54;43,98; 69.735,00 ; 10.685,00 ; 6.794,00 ; 5.234,00 ; 604,00 ; 61.233,00 ; 9.416,00 ; 6.288,00 ; 5.152,00 ; 587,00 ; 8.502,00 ; 1.269,00 ; 506,00 ; 83,00 ; 17,00 
1/10/16;54,77;67,9;45,61;73,67;85,01;65,67;41,16;38,01;41,7;49,98;56,41;48,8;24,81;10,8;27,06;57,28;30,63;61,43;59,29;63,77;57,94;58,65;19;43,52; 107.336,00 ; 15.371,00 ; 12.820,00 ; 8.996,00 ; 1.042,00 ; 82.777,00 ; 12.434,00 ; 12.317,00 ; 8.352,00 ; 978,00 ; 24.559,00 ; 2.937,00 ; 503,00 ; 645,00 ; 64,00 
1/9/16;55,96;69,74;46,59;69,93;82,37;61,47;34,14;28,44;35,14;45,28;40,63;46,09;18,11;8,59;19,66;41,04;23,22;43,92;59,43;61,48;58,81;58,85;18,34;44; 108.056,00 ; 20.657,00 ; 11.089,00 ; 5.949,00 ; 553,00 ; 76.579,00 ; 17.628,00 ; 8.809,00 ; 5.137,00 ; 499,00 ; 31.477,00 ; 3.029,00 ; 2.280,00 ; 812,00 ; 54,00 
1/8/16;63,06;77,43;53,3;73,47;84,92;65,67;17,5;12,31;18,39;32,78;32,62;32,81;36,99;10,24;41,16;54,9;16,57;60,76;58,42;75,31;54,27;58,64;18,75;43,64; 127.508,00 ; 125.250,00 ; 19.998,00 ; 13.167,00 ; 1.002,00 ; 108.864,00 ; 118.526,00 ; 18.545,00 ; 12.181,00 ; 928,00 ; 18.644,00 ; 6.724,00 ; 1.453,00 ; 987,00 ; 74,00 
1/7/16;51,96;67,25;41,3;65,11;77,6;56,54;17,38;14,87;17,85;36,35;42,63;35,14;18,85;7,19;20,69;36,31;13,25;39,91;63,04;75,25;59,32;62,75;26,34;36,41; 101.679,00 ; 78.146,00 ; 16.625,00 ; 6.687,00 ; 2.230,00 ; 79.376,00 ; 73.527,00 ; 14.929,00 ; 5.745,00 ; 2.119,00 ; 22.304,00 ; 4.619,00 ; 1.696,00 ; 942,00 ; 111,00 
1/6/16;43,97;55,29;36,01;61,26;75,12;51,48;14,7;13,73;14,87;28,19;28,66;28,11;13,48;9,61;14,01;36,3;31,92;36,65;61,96;79,92;56,72;39,78;12,2;28,87; 82.142,00 ; 20.382,00 ; 8.108,00 ; 4.440,00 ; 1.692,00 ; 60.128,00 ; 15.167,00 ; 6.879,00 ; 3.956,00 ; 1.667,00 ; 22.013,00 ; 5.215,00 ; 1.229,00 ; 484,00 ; 25,00 
1/5/16;47,52;60,03;38,71;65,91;83,25;53,44;24,84;19,17;25,58;43,91;44,94;43,61;18,83;14,4;19,42;48,66;31,11;51,24;56,47;60,33;55,28;57;18,45;42,05; 92.448,00 ; 13.373,00 ; 8.491,00 ; 6.540,00 ; 1.103,00 ; 68.642,00 ; 10.634,00 ; 7.202,00 ; 5.830,00 ; 1.038,00 ; 23.805,00 ; 2.739,00 ; 1.289,00 ; 710,00 ; 65,00 